{"cameraMode":{"drawMode":31,"name":"Sprite Mask","section":"Miscellaneous"},"sceneLighting":false,"audioPlay":false,"sceneViewState":{"showFog":true,"showMaterialUpdate":false,"showSkybox":true,"showFlares":true,"showImageEffects":true,"showParticleSystems":true},"in2DMode":false,"pivot":{"x":27.01087760925293,"y":10.570320129394532,"z":37.24860763549805},"rotation":{"x":-0.14771713316440583,"y":0.34180837869644167,"z":-0.05448957532644272,"w":-0.9265164732933044},"size":1.4289418458938599,"orthographic":false}