{"cameraMode":{"drawMode":31,"name":"Sprite Mask","section":"Miscellaneous"},"sceneLighting":false,"audioPlay":false,"sceneViewState":{"showFog":true,"showMaterialUpdate":false,"showSkybox":true,"showFlares":true,"showImageEffects":true,"showParticleSystems":true},"in2DMode":false,"pivot":{"x":-6.938808441162109,"y":-36.7889518737793,"z":136.78466796875},"rotation":{"x":-0.21930420398712159,"y":0.05093403533101082,"z":-0.011457427404820919,"w":-0.9742937088012695},"size":102.32172393798828,"orthographic":false}