{"cameraMode":{"drawMode":31,"name":"Sprite Mask","section":"Miscellaneous"},"sceneLighting":true,"audioPlay":false,"sceneViewState":{"showFog":true,"showMaterialUpdate":false,"showSkybox":true,"showFlares":true,"showImageEffects":true,"showParticleSystems":true},"in2DMode":false,"pivot":{"x":-0.34888505935668948,"y":-8.295675277709961,"z":14.644222259521485},"rotation":{"x":0.2709020674228668,"y":-0.08361570537090302,"z":0.023628942668437959,"w":0.9586820602416992},"size":16.960987091064454,"orthographic":true}