{"cameraMode":{"drawMode":31,"name":"Sprite Mask","section":"Miscellaneous"},"sceneLighting":false,"audioPlay":false,"sceneViewState":{"showFog":true,"showMaterialUpdate":false,"showSkybox":false,"showFlares":true,"showImageEffects":true,"showParticleSystems":true},"in2DMode":false,"pivot":{"x":5.577560901641846,"y":0.22053760290145875,"z":0.12863659858703614},"rotation":{"x":-0.041948702186346057,"y":0.04284407198429108,"z":0.0018173775169998408,"w":0.9982070326805115},"size":2.8578848838806154,"orthographic":false}