{"cameraMode":{"drawMode":31,"name":"Sprite Mask","section":"Miscellaneous"},"sceneLighting":false,"audioPlay":false,"sceneViewState":{"showFog":true,"showMaterialUpdate":false,"showSkybox":false,"showFlares":true,"showImageEffects":true,"showParticleSystems":true},"in2DMode":false,"pivot":{"x":1.7999999523162842,"y":4.688000679016113,"z":0.4375005066394806},"rotation":{"x":-0.001561920391395688,"y":-0.9976881742477417,"z":0.02424830012023449,"w":-0.06416468322277069},"size":3.6968846321105959,"orthographic":false}