{"cameraMode":{"drawMode":31,"name":"Sprite Mask","section":"Miscellaneous"},"sceneLighting":false,"audioPlay":false,"sceneViewState":{"showFog":true,"showMaterialUpdate":false,"showSkybox":false,"showFlares":true,"showImageEffects":true,"showParticleSystems":true},"in2DMode":false,"pivot":{"x":1.7999999523162842,"y":4.688000679016113,"z":0.4375005066394806},"rotation":{"x":-0.0022357930429279806,"y":0.9978150129318237,"z":0.04643154889345169,"w":0.04794817045331001},"size":12.657569885253907,"orthographic":false}