{"cameraMode":{"drawMode":31,"name":"Sprite Mask","section":"Miscellaneous"},"sceneLighting":false,"audioPlay":false,"sceneViewState":{"showFog":true,"showMaterialUpdate":false,"showSkybox":false,"showFlares":true,"showImageEffects":true,"showParticleSystems":true},"in2DMode":false,"pivot":{"x":-3.249004602432251,"y":-0.0052318572998046879,"z":0.027372360229492189},"rotation":{"x":0.001795751741155982,"y":-0.9981571435928345,"z":0.03624870255589485,"w":0.04912514612078667},"size":6.8137640953063969,"orthographic":false}