{"cameraMode":{"drawMode":31,"name":"Sprite Mask","section":"Miscellaneous"},"sceneLighting":false,"audioPlay":false,"sceneViewState":{"showFog":true,"showMaterialUpdate":false,"showSkybox":true,"showFlares":true,"showImageEffects":true,"showParticleSystems":true},"in2DMode":false,"pivot":{"x":-3.216724395751953,"y":2.3625855445861818,"z":0.7532200813293457},"rotation":{"x":0.12637144327163697,"y":-0.7505825161933899,"z":0.1503642499446869,"w":0.6309184432029724},"size":0.8959841728210449,"orthographic":true}