{"cameraMode":{"drawMode":31,"name":"Sprite Mask","section":"Miscellaneous"},"sceneLighting":false,"audioPlay":false,"sceneViewState":{"showFog":true,"showMaterialUpdate":false,"showSkybox":true,"showFlares":true,"showImageEffects":true,"showParticleSystems":true},"in2DMode":false,"pivot":{"x":0.0013714777305722237,"y":-0.06472694873809815,"z":1.4515488147735596},"rotation":{"x":0.21285982429981233,"y":-0.0035178770776838066,"z":0.0007841308251954615,"w":0.9770877957344055},"size":5.7023773193359379,"orthographic":false}