{"cameraMode":{"drawMode":31,"name":"Sprite Mask","section":"Miscellaneous"},"sceneLighting":false,"audioPlay":false,"sceneViewState":{"showFog":true,"showMaterialUpdate":false,"showSkybox":false,"showFlares":true,"showImageEffects":true,"showParticleSystems":true},"in2DMode":false,"pivot":{"x":-2.444729804992676,"y":1.1499998569488526,"z":-2.9802322387695315e-8},"rotation":{"x":0.00003980963447247632,"y":-0.9993500113487244,"z":-0.0011994774686172605,"w":-0.03721834719181061},"size":9.554079055786133,"orthographic":true}