{"cameraMode":{"drawMode":31,"name":"Sprite Mask","section":"Miscellaneous"},"sceneLighting":false,"audioPlay":false,"sceneViewState":{"showFog":true,"showMaterialUpdate":false,"showSkybox":true,"showFlares":true,"showImageEffects":true,"showParticleSystems":true},"in2DMode":false,"pivot":{"x":-3.839820384979248,"y":1.2818832397460938,"z":61.64558792114258},"rotation":{"x":-0.0035801855847239496,"y":-0.9789063334465027,"z":0.20373955368995667,"w":-0.01735875941812992},"size":9.382376670837403,"orthographic":false}