{"cameraMode":{"drawMode":31,"name":"Sprite Mask","section":"Miscellaneous"},"sceneLighting":false,"audioPlay":false,"sceneViewState":{"showFog":true,"showMaterialUpdate":false,"showSkybox":false,"showFlares":true,"showImageEffects":true,"showParticleSystems":true},"in2DMode":false,"pivot":{"x":0.7300000190734863,"y":-1.0324994325637818,"z":0.00000667572021484375},"rotation":{"x":0.14177362620830537,"y":-0.15317140519618989,"z":0.02221045270562172,"w":0.9777244925498962},"size":15.863811492919922,"orthographic":false}