{"cameraMode":{"drawMode":31,"name":"Sprite Mask","section":"Miscellaneous"},"sceneLighting":false,"audioPlay":false,"sceneViewState":{"showFog":true,"showMaterialUpdate":false,"showSkybox":false,"showFlares":true,"showImageEffects":true,"showParticleSystems":true},"in2DMode":false,"pivot":{"x":-7.065899848937988,"y":0.9752488136291504,"z":7.115958213806152},"rotation":{"x":0.07796985656023026,"y":0.8997586965560913,"z":-0.17996364831924439,"w":0.38992607593536379},"size":6.3132548332214359,"orthographic":false}