{"cameraMode":{"drawMode":31,"name":"Sprite Mask","section":"Miscellaneous"},"sceneLighting":false,"audioPlay":false,"sceneViewState":{"showFog":true,"showMaterialUpdate":false,"showSkybox":true,"showFlares":true,"showImageEffects":true,"showParticleSystems":true},"in2DMode":false,"pivot":{"x":3.5730297565460207,"y":3.4684104919433595,"z":0.49889060854911806},"rotation":{"x":0.17466679215431214,"y":-0.5676060914993286,"z":0.12471739202737808,"w":0.794863760471344},"size":1.4289418458938599,"orthographic":false}