{"cameraMode":{"drawMode":31,"name":"Sprite Mask","section":"Miscellaneous"},"sceneLighting":true,"audioPlay":false,"sceneViewState":{"showFog":true,"showMaterialUpdate":false,"showSkybox":true,"showFlares":true,"showImageEffects":true,"showParticleSystems":true},"in2DMode":false,"pivot":{"x":0.247954323887825,"y":-1.216406226158142,"z":6.788025856018066},"rotation":{"x":0.2856817841529846,"y":-0.06462472677230835,"z":0.019312847405672075,"w":0.9559487700462341},"size":23.80579376220703,"orthographic":true}