{"cameraMode":{"drawMode":31,"name":"Sprite Mask","section":"Miscellaneous"},"sceneLighting":false,"audioPlay":false,"sceneViewState":{"showFog":true,"showMaterialUpdate":false,"showSkybox":false,"showFlares":true,"showImageEffects":true,"showParticleSystems":true},"in2DMode":false,"pivot":{"x":0.7299995422363281,"y":0.8900003433227539,"z":-2.660356044769287},"rotation":{"x":-0.01649659126996994,"y":0.017996620386838914,"z":0.00029696919955313206,"w":0.9997025728225708},"size":13.871500968933106,"orthographic":false}