{"cameraMode":{"drawMode":31,"name":"Sprite Mask","section":"Miscellaneous"},"sceneLighting":true,"audioPlay":false,"sceneViewState":{"showFog":true,"showMaterialUpdate":false,"showSkybox":true,"showFlares":true,"showImageEffects":true,"showParticleSystems":true},"in2DMode":false,"pivot":{"x":0.247954323887825,"y":-1.216406226158142,"z":6.788025856018066},"rotation":{"x":0.2361583411693573,"y":-0.0873153954744339,"z":0.021311797201633455,"w":0.9675499200820923},"size":8.255820274353028,"orthographic":true}