{"cameraMode":{"drawMode":31,"name":"Sprite Mask","section":"Miscellaneous"},"sceneLighting":false,"audioPlay":false,"sceneViewState":{"showFog":true,"showMaterialUpdate":false,"showSkybox":false,"showFlares":true,"showImageEffects":true,"showParticleSystems":true},"in2DMode":false,"pivot":{"x":-14.801651000976563,"y":-3.678182363510132,"z":-3.4876503944396974},"rotation":{"x":-0.11939404904842377,"y":0.6453614234924316,"z":-0.10309430211782456,"w":-0.7474572658538818},"size":16.609169006347658,"orthographic":false}