{"cameraMode":{"drawMode":31,"name":"Sprite Mask","section":"Miscellaneous"},"sceneLighting":false,"audioPlay":false,"sceneViewState":{"showFog":true,"showMaterialUpdate":false,"showSkybox":false,"showFlares":true,"showImageEffects":true,"showParticleSystems":true},"in2DMode":false,"pivot":{"x":-3.1609864234924318,"y":-14.76772403717041,"z":43.56559753417969},"rotation":{"x":-0.17092272639274598,"y":0.039629146456718448,"z":-0.006865950301289558,"w":-0.9844982624053955},"size":58.75474548339844,"orthographic":false}