{"cameraMode":{"drawMode":31,"name":"Sprite Mask","section":"Miscellaneous"},"sceneLighting":false,"audioPlay":false,"sceneViewState":{"showFog":true,"showMaterialUpdate":false,"showSkybox":true,"showFlares":true,"showImageEffects":true,"showParticleSystems":true},"in2DMode":false,"pivot":{"x":589.412109375,"y":190.45529174804688,"z":304.0965576171875},"rotation":{"x":-0.16802941262722016,"y":0.029303673654794694,"z":-0.004977673292160034,"w":-0.9853628873825073},"size":1459.419921875,"orthographic":false}