{"cameraMode":{"drawMode":31,"name":"Sprite Mask","section":"Miscellaneous"},"sceneLighting":false,"audioPlay":false,"sceneViewState":{"showFog":true,"showMaterialUpdate":false,"showSkybox":true,"showFlares":true,"showImageEffects":true,"showParticleSystems":true},"in2DMode":false,"pivot":{"x":5.577560901641846,"y":0.22053706645965577,"z":0.12863659858703614},"rotation":{"x":0.07238426804542542,"y":0.5040982365608215,"z":-0.04242715612053871,"w":0.8595744371414185},"size":2.8431971073150636,"orthographic":false}