{"cameraMode":{"drawMode":31,"name":"Sprite Mask","section":"Miscellaneous"},"sceneLighting":false,"audioPlay":false,"sceneViewState":{"showFog":true,"showMaterialUpdate":false,"showSkybox":true,"showFlares":true,"showImageEffects":true,"showParticleSystems":true},"in2DMode":false,"pivot":{"x":535.203857421875,"y":387.37652587890627,"z":510.23687744140627},"rotation":{"x":-0.041948702186346057,"y":0.04284407198429108,"z":0.0018173775169998408,"w":0.9982070326805115},"size":1301.4022216796875,"orthographic":false}