{"cameraMode":{"drawMode":31,"name":"Sprite Mask","section":"Miscellaneous"},"sceneLighting":false,"audioPlay":false,"sceneViewState":{"showFog":true,"showMaterialUpdate":false,"showSkybox":false,"showFlares":true,"showImageEffects":true,"showParticleSystems":true},"in2DMode":false,"pivot":{"x":-3.6282854080200197,"y":1.7599983215332032,"z":-0.0024043768644332887},"rotation":{"x":-0.03687421232461929,"y":-0.9494134187698364,"z":0.2871515452861786,"w":-0.12203499674797058},"size":9.37940788269043,"orthographic":true}