{"cameraMode":{"drawMode":31,"name":"Sprite Mask","section":"Miscellaneous"},"sceneLighting":false,"audioPlay":false,"sceneViewState":{"showFog":true,"showMaterialUpdate":false,"showSkybox":false,"showFlares":true,"showImageEffects":true,"showParticleSystems":true},"in2DMode":false,"pivot":{"x":-4.585799217224121,"y":1.7145603895187379,"z":4.660135746002197},"rotation":{"x":0.001415719510987401,"y":-0.9868448972702026,"z":0.1615864485502243,"w":0.008560452610254288},"size":5.3686676025390629,"orthographic":false}