{"cameraMode":{"drawMode":31,"name":"Sprite Mask","section":"Miscellaneous"},"sceneLighting":false,"audioPlay":false,"sceneViewState":{"showFog":true,"showMaterialUpdate":false,"showSkybox":false,"showFlares":true,"showImageEffects":true,"showParticleSystems":true},"in2DMode":false,"pivot":{"x":0.7300000190734863,"y":-1.0324994325637818,"z":0.00000667572021484375},"rotation":{"x":0.003063022391870618,"y":-0.996899425983429,"z":0.06168707460165024,"w":0.04966028779745102},"size":15.863811492919922,"orthographic":false}