{"cameraMode":{"drawMode":31,"name":"Sprite Mask","section":"Miscellaneous"},"sceneLighting":false,"audioPlay":false,"sceneViewState":{"showFog":true,"showMaterialUpdate":false,"showSkybox":false,"showFlares":true,"showImageEffects":true,"showParticleSystems":true},"in2DMode":false,"pivot":{"x":-6.108285427093506,"y":1.7691383361816407,"z":-2.9802322387695315e-8},"rotation":{"x":0.003063022391870618,"y":-0.996899425983429,"z":0.06168707460165024,"w":0.04966028779745102},"size":10.3894624710083,"orthographic":false}