{"cameraMode":{"drawMode":31,"name":"Sprite Mask","section":"Miscellaneous"},"sceneLighting":true,"audioPlay":false,"sceneViewState":{"showFog":true,"showMaterialUpdate":false,"showSkybox":true,"showFlares":true,"showImageEffects":true,"showParticleSystems":true},"in2DMode":false,"pivot":{"x":-0.19374775886535645,"y":0.5765625238418579,"z":3.663156270980835},"rotation":{"x":0.08805855363607407,"y":0.023904431611299516,"z":-0.002113799098879099,"w":0.9958270788192749},"size":20.5769100189209,"orthographic":true}