{"cameraMode":{"drawMode":31,"name":"Sprite Mask","section":"Miscellaneous"},"sceneLighting":false,"audioPlay":false,"sceneViewState":{"showFog":true,"showMaterialUpdate":false,"showSkybox":true,"showFlares":true,"showImageEffects":true,"showParticleSystems":true},"in2DMode":false,"pivot":{"x":531.7786865234375,"y":384.5792541503906,"z":-705.4862670898438},"rotation":{"x":-0.08757449686527252,"y":0.06990204006433487,"z":-0.006141284015029669,"w":-0.993712842464447},"size":19.424243927001954,"orthographic":false}