{"cameraMode":{"drawMode":31,"name":"Sprite Mask","section":"Miscellaneous"},"sceneLighting":false,"audioPlay":false,"sceneViewState":{"showFog":true,"showMaterialUpdate":false,"showSkybox":true,"showFlares":true,"showImageEffects":true,"showParticleSystems":true},"in2DMode":false,"pivot":{"x":-2.0560340881347658,"y":3.7595765590667726,"z":68.23413848876953},"rotation":{"x":-0.009189247153699398,"y":-0.9907289743423462,"z":0.10231119394302368,"w":-0.08943165838718414},"size":1.6018972396850587,"orthographic":false}