{"cameraMode":{"drawMode":31,"name":"Sprite Mask","section":"Miscellaneous"},"sceneLighting":false,"audioPlay":false,"sceneViewState":{"showFog":true,"showMaterialUpdate":false,"showSkybox":false,"showFlares":true,"showImageEffects":true,"showParticleSystems":true},"in2DMode":false,"pivot":{"x":-7.148542404174805,"y":-0.7943174839019775,"z":2.1186470985412599},"rotation":{"x":-0.12262801080942154,"y":0.5224704146385193,"z":-0.07624660432338715,"w":-0.8403815031051636},"size":19.80674171447754,"orthographic":false}