{"cameraMode":{"drawMode":31,"name":"Sprite Mask","section":"Miscellaneous"},"sceneLighting":false,"audioPlay":false,"sceneViewState":{"showFog":true,"showMaterialUpdate":false,"showSkybox":true,"showFlares":true,"showImageEffects":true,"showParticleSystems":true},"in2DMode":false,"pivot":{"x":0.03185870498418808,"y":-4.703402042388916,"z":14.030537605285645},"rotation":{"x":0.2055259793996811,"y":0.0038169126491993667,"z":-0.0007813861593604088,"w":0.9786562323570252},"size":19.724210739135743,"orthographic":false}