{"cameraMode":{"drawMode":31,"name":"Sprite Mask","section":"Miscellaneous"},"sceneLighting":false,"audioPlay":false,"sceneViewState":{"showFog":true,"showMaterialUpdate":false,"showSkybox":false,"showFlares":true,"showImageEffects":true,"showParticleSystems":true},"in2DMode":false,"pivot":{"x":-3.6437344551086427,"y":1.9896345138549805,"z":4.336153984069824},"rotation":{"x":-0.16917864978313447,"y":0.31301048398017886,"z":-0.05675710365176201,"w":-0.93287193775177},"size":23.02793312072754,"orthographic":false}