{"cameraMode":{"drawMode":31,"name":"Sprite Mask","section":"Miscellaneous"},"sceneLighting":false,"audioPlay":false,"sceneViewState":{"showFog":true,"showMaterialUpdate":false,"showSkybox":false,"showFlares":true,"showImageEffects":true,"showParticleSystems":true},"in2DMode":false,"pivot":{"x":7.75,"y":-0.40000003576278689,"z":-0.8989176750183106},"rotation":{"x":0.03083069808781147,"y":-0.961907148361206,"z":0.12213660031557083,"w":0.2427230179309845},"size":2.922196626663208,"orthographic":false}